PDB_1	PDB_2	Pool_repr	
1RPJ_A	1GUD_A	1RPJ_A	
1GUD_A	1GUD_B	1RPJ_A	
1GUD_A	1GUB_A	1RPJ_A	
2CWI_A	1I56_A	2CWI_A	
2CWI_B	1I56_A	2CWI_A	
1I56_A	1QQY_A	2CWI_A	
1I56_A	1EL1_A	2CWI_A	
1I56_A	1EL1_B	2CWI_A	
1I56_A	2Z2E_A	2CWI_A	
1I56_A	2Z2E_B	2CWI_A	
1IJA-1_A	1IJA-15_A	1IJA_A	
1IJA-2_A	1IJA-15_A	1IJA_A	
1IJA-3_A	1IJA-15_A	1IJA_A	
1IJA-4_A	1IJA-15_A	1IJA_A	
1IJA-5_A	1IJA-15_A	1IJA_A	
1IJA-6_A	1IJA-15_A	1IJA_A	
1IJA-7_A	1IJA-15_A	1IJA_A	
1IJA-8_A	1IJA-15_A	1IJA_A	
1IJA-9_A	1IJA-15_A	1IJA_A	
1IJA-10_A	1IJA-15_A	1IJA_A	
1IJA-11_A	1IJA-15_A	1IJA_A	
1IJA-12_A	1IJA-15_A	1IJA_A	
1IJA-13_A	1IJA-15_A	1IJA_A	
1IJA-14_A	1IJA-15_A	1IJA_A	
1IJA-15_A	1IJA-16_A	1IJA_A	
1IJA-15_A	1IJA-17_A	1IJA_A	
1IJA-15_A	1IJA-18_A	1IJA_A	
1IJA-15_A	1IJA-19_A	1IJA_A	
1IJA-15_A	1IJA-20_A	1IJA_A	
1IJA-15_A	1IJA-21_A	1IJA_A	
1IJA-15_A	1IJA-22_A	1IJA_A	
1IJA-15_A	1IJA-23_A	1IJA_A	
1IJA-15_A	1IJA-24_A	1IJA_A	
1IJA-15_A	1IJA-25_A	1IJA_A	
1IJA-15_A	2KID-1_A	1IJA_A	
1IJA-15_A	2KID-2_A	1IJA_A	
1IJA-15_A	2KID-3_A	1IJA_A	
1IJA-15_A	2KID-4_A	1IJA_A	
1IJA-15_A	2KID-5_A	1IJA_A	
1IJA-15_A	2KID-6_A	1IJA_A	
1IJA-15_A	2KID-7_A	1IJA_A	
1IJA-15_A	2KID-8_A	1IJA_A	
1IJA-15_A	2KID-9_A	1IJA_A	
1IJA-15_A	2KID-10_A	1IJA_A	
1IJA-15_A	2KID-11_A	1IJA_A	
1IJA-15_A	2KID-12_A	1IJA_A	
1IJA-15_A	2KID-13_A	1IJA_A	
1IJA-15_A	2KID-14_A	1IJA_A	
1IJA-15_A	2KID-15_A	1IJA_A	
1IJA-15_A	2KID-16_A	1IJA_A	
1IJA-15_A	2KID-17_A	1IJA_A	
1IJA-15_A	2KID-18_A	1IJA_A	
1IJA-15_A	2KID-19_A	1IJA_A	
1IJA-15_A	2KID-20_A	1IJA_A	
1IJA-15_A	1T2P_A	1IJA_A	
1IJA-15_A	1T2P_B	1IJA_A	
1IJA-15_A	1T2P_C	1IJA_A	
3QJK_A	1JFJ-3_A	3QJK_A	
3QJK_B	1JFJ-3_A	3QJK_A	
2NXQ_A	1JFJ-3_A	3QJK_A	
2NXQ_B	1JFJ-3_A	3QJK_A	
3PX1_A	1JFJ-3_A	3QJK_A	
3PX1_B	1JFJ-3_A	3QJK_A	
2M7N-1_A	1JFJ-3_A	3QJK_A	
2M7N-2_A	1JFJ-3_A	3QJK_A	
2M7N-3_A	1JFJ-3_A	3QJK_A	
2M7N-4_A	1JFJ-3_A	3QJK_A	
2M7N-5_A	1JFJ-3_A	3QJK_A	
2M7N-6_A	1JFJ-3_A	3QJK_A	
2M7N-7_A	1JFJ-3_A	3QJK_A	
2M7N-8_A	1JFJ-3_A	3QJK_A	
2M7N-9_A	1JFJ-3_A	3QJK_A	
2M7N-10_A	1JFJ-3_A	3QJK_A	
1JFK_A	1JFJ-3_A	3QJK_A	
1JFJ-1_A	1JFJ-3_A	3QJK_A	
1JFJ-2_A	1JFJ-3_A	3QJK_A	
1JFJ-3_A	1JFJ-4_A	3QJK_A	
1JFJ-3_A	1JFJ-5_A	3QJK_A	
1JFJ-3_A	1JFJ-6_A	3QJK_A	
1JFJ-3_A	1JFJ-7_A	3QJK_A	
1JFJ-3_A	1JFJ-8_A	3QJK_A	
1JFJ-3_A	1JFJ-9_A	3QJK_A	
1JFJ-3_A	1JFJ-10_A	3QJK_A	
1JFJ-3_A	1JFJ-11_A	3QJK_A	
1JFJ-3_A	1JFJ-12_A	3QJK_A	
1JFJ-3_A	1JFJ-13_A	3QJK_A	
1JFJ-3_A	1JFJ-14_A	3QJK_A	
1JFJ-3_A	1JFJ-15_A	3QJK_A	
1JFJ-3_A	1JFJ-16_A	3QJK_A	
1JFJ-3_A	1JFJ-17_A	3QJK_A	
1JFJ-3_A	1JFJ-18_A	3QJK_A	
1JFJ-3_A	1JFJ-19_A	3QJK_A	
1JFJ-3_A	1JFJ-20_A	3QJK_A	
1JFJ-3_A	3ULG_A	3QJK_A	
1JFJ-3_A	3ULG_B	3QJK_A	
1K2H-1_A	1K2H-4_A	1K2H_A	
1K2H-2_A	1K2H-4_A	1K2H_A	
1K2H-3_A	1K2H-4_A	1K2H_A	
1K2H-4_A	1K2H-5_A	1K2H_A	
1K2H-4_A	1K2H-6_A	1K2H_A	
1K2H-4_A	1K2H-7_A	1K2H_A	
1K2H-4_A	1K2H-8_A	1K2H_A	
1K2H-4_A	1K2H-9_A	1K2H_A	
1K2H-4_A	1K2H-10_A	1K2H_A	
1K2H-4_A	1K2H-11_A	1K2H_A	
1K2H-4_A	1K2H-12_A	1K2H_A	
1K2H-4_A	1K2H-13_A	1K2H_A	
1K2H-4_A	1K2H-14_A	1K2H_A	
1K2H-4_A	1K2H-15_A	1K2H_A	
1K2H-4_A	1K2H-16_A	1K2H_A	
1K2H-4_A	1K2H-17_A	1K2H_A	
1K2H-4_A	1K2H-18_A	1K2H_A	
1K2H-4_A	1K2H-19_A	1K2H_A	
1K2H-4_A	1K2H-20_A	1K2H_A	
1K2H-4_A	1K2H-1_B	1K2H_A	
1K2H-4_A	1K2H-2_B	1K2H_A	
1K2H-4_A	1K2H-3_B	1K2H_A	
1K2H-4_A	1K2H-4_B	1K2H_A	
1K2H-4_A	1K2H-5_B	1K2H_A	
1K2H-4_A	1K2H-6_B	1K2H_A	
1K2H-4_A	1K2H-7_B	1K2H_A	
1K2H-4_A	1K2H-8_B	1K2H_A	
1K2H-4_A	1K2H-9_B	1K2H_A	
1K2H-4_A	1K2H-10_B	1K2H_A	
1K2H-4_A	1K2H-11_B	1K2H_A	
1K2H-4_A	1K2H-12_B	1K2H_A	
1K2H-4_A	1K2H-13_B	1K2H_A	
1K2H-4_A	1K2H-14_B	1K2H_A	
1K2H-4_A	1K2H-15_B	1K2H_A	
1K2H-4_A	1K2H-16_B	1K2H_A	
1K2H-4_A	1K2H-17_B	1K2H_A	
1K2H-4_A	1K2H-18_B	1K2H_A	
1K2H-4_A	1K2H-19_B	1K2H_A	
1K2H-4_A	1K2H-20_B	1K2H_A	
1K2H-4_A	2K2F-1_A	1K2H_A	
1K2H-4_A	2K2F-2_A	1K2H_A	
1K2H-4_A	2K2F-3_A	1K2H_A	
1K2H-4_A	2K2F-4_A	1K2H_A	
1K2H-4_A	2K2F-5_A	1K2H_A	
1K2H-4_A	2K2F-6_A	1K2H_A	
1K2H-4_A	2K2F-7_A	1K2H_A	
1K2H-4_A	2K2F-8_A	1K2H_A	
1K2H-4_A	2K2F-9_A	1K2H_A	
1K2H-4_A	2K2F-10_A	1K2H_A	
1K2H-4_A	2K2F-11_A	1K2H_A	
1K2H-4_A	2K2F-12_A	1K2H_A	
1K2H-4_A	2K2F-13_A	1K2H_A	
1K2H-4_A	2K2F-14_A	1K2H_A	
1K2H-4_A	2K2F-15_A	1K2H_A	
1K2H-4_A	2K2F-16_A	1K2H_A	
1K2H-4_A	2K2F-17_A	1K2H_A	
1K2H-4_A	2K2F-18_A	1K2H_A	
1K2H-4_A	2K2F-19_A	1K2H_A	
1K2H-4_A	2K2F-20_A	1K2H_A	
1K2H-4_A	2K2F-1_B	1K2H_A	
1K2H-4_A	2K2F-2_B	1K2H_A	
1K2H-4_A	2K2F-3_B	1K2H_A	
1K2H-4_A	2K2F-4_B	1K2H_A	
1K2H-4_A	2K2F-5_B	1K2H_A	
1K2H-4_A	2K2F-6_B	1K2H_A	
1K2H-4_A	2K2F-7_B	1K2H_A	
1K2H-4_A	2K2F-8_B	1K2H_A	
1K2H-4_A	2K2F-9_B	1K2H_A	
1K2H-4_A	2K2F-10_B	1K2H_A	
1K2H-4_A	2K2F-11_B	1K2H_A	
1K2H-4_A	2K2F-12_B	1K2H_A	
1K2H-4_A	2K2F-13_B	1K2H_A	
1K2H-4_A	2K2F-14_B	1K2H_A	
1K2H-4_A	2K2F-15_B	1K2H_A	
1K2H-4_A	2K2F-16_B	1K2H_A	
1K2H-4_A	2K2F-17_B	1K2H_A	
1K2H-4_A	2K2F-18_B	1K2H_A	
1K2H-4_A	2K2F-19_B	1K2H_A	
1K2H-4_A	2K2F-20_B	1K2H_A	
1K2H-4_A	1ZFS-1_A	1K2H_A	
1K2H-4_A	1ZFS-2_A	1K2H_A	
1K2H-4_A	1ZFS-3_A	1K2H_A	
1K2H-4_A	1ZFS-4_A	1K2H_A	
1K2H-4_A	1ZFS-5_A	1K2H_A	
1K2H-4_A	1ZFS-6_A	1K2H_A	
1K2H-4_A	1ZFS-7_A	1K2H_A	
1K2H-4_A	1ZFS-8_A	1K2H_A	
1K2H-4_A	1ZFS-9_A	1K2H_A	
1K2H-4_A	1ZFS-10_A	1K2H_A	
1K2H-4_A	1ZFS-11_A	1K2H_A	
1K2H-4_A	1ZFS-12_A	1K2H_A	
1K2H-4_A	1ZFS-13_A	1K2H_A	
1K2H-4_A	1ZFS-14_A	1K2H_A	
1K2H-4_A	1ZFS-15_A	1K2H_A	
1K2H-4_A	1ZFS-16_A	1K2H_A	
1K2H-4_A	1ZFS-17_A	1K2H_A	
1K2H-4_A	1ZFS-18_A	1K2H_A	
1K2H-4_A	1ZFS-19_A	1K2H_A	
1K2H-4_A	1ZFS-1_B	1K2H_A	
1K2H-4_A	1ZFS-2_B	1K2H_A	
1K2H-4_A	1ZFS-3_B	1K2H_A	
1K2H-4_A	1ZFS-4_B	1K2H_A	
1K2H-4_A	1ZFS-5_B	1K2H_A	
1K2H-4_A	1ZFS-6_B	1K2H_A	
1K2H-4_A	1ZFS-7_B	1K2H_A	
1K2H-4_A	1ZFS-8_B	1K2H_A	
1K2H-4_A	1ZFS-9_B	1K2H_A	
1K2H-4_A	1ZFS-10_B	1K2H_A	
1K2H-4_A	1ZFS-11_B	1K2H_A	
1K2H-4_A	1ZFS-12_B	1K2H_A	
1K2H-4_A	1ZFS-13_B	1K2H_A	
1K2H-4_A	1ZFS-14_B	1K2H_A	
1K2H-4_A	1ZFS-15_B	1K2H_A	
1K2H-4_A	1ZFS-16_B	1K2H_A	
1K2H-4_A	1ZFS-17_B	1K2H_A	
1K2H-4_A	1ZFS-18_B	1K2H_A	
1K2H-4_A	1ZFS-19_B	1K2H_A	
1K2H-4_A	2KBM-1_A	1K2H_A	
1K2H-4_A	2KBM-2_A	1K2H_A	
1K2H-4_A	2KBM-3_A	1K2H_A	
1K2H-4_A	2KBM-4_A	1K2H_A	
1K2H-4_A	2KBM-5_A	1K2H_A	
1K2H-4_A	2KBM-6_A	1K2H_A	
1K2H-4_A	2KBM-7_A	1K2H_A	
1K2H-4_A	2KBM-8_A	1K2H_A	
1K2H-4_A	2KBM-9_A	1K2H_A	
1K2H-4_A	2KBM-10_A	1K2H_A	
1K2H-4_A	2KBM-11_A	1K2H_A	
1K2H-4_A	2KBM-12_A	1K2H_A	
1K2H-4_A	2KBM-13_A	1K2H_A	
1K2H-4_A	2KBM-14_A	1K2H_A	
1K2H-4_A	2KBM-15_A	1K2H_A	
1K2H-4_A	2KBM-16_A	1K2H_A	
1K2H-4_A	2KBM-17_A	1K2H_A	
1K2H-4_A	2KBM-18_A	1K2H_A	
1K2H-4_A	2KBM-19_A	1K2H_A	
1K2H-4_A	2KBM-20_A	1K2H_A	
1K2H-4_A	2KBM-1_B	1K2H_A	
1K2H-4_A	2KBM-2_B	1K2H_A	
1K2H-4_A	2KBM-3_B	1K2H_A	
1K2H-4_A	2KBM-4_B	1K2H_A	
1K2H-4_A	2KBM-5_B	1K2H_A	
1K2H-4_A	2KBM-6_B	1K2H_A	
1K2H-4_A	2KBM-7_B	1K2H_A	
1K2H-4_A	2KBM-8_B	1K2H_A	
1K2H-4_A	2KBM-9_B	1K2H_A	
1K2H-4_A	2KBM-10_B	1K2H_A	
1K2H-4_A	2KBM-11_B	1K2H_A	
1K2H-4_A	2KBM-12_B	1K2H_A	
1K2H-4_A	2KBM-13_B	1K2H_A	
1K2H-4_A	2KBM-14_B	1K2H_A	
1K2H-4_A	2KBM-15_B	1K2H_A	
1K2H-4_A	2KBM-16_B	1K2H_A	
1K2H-4_A	2KBM-17_B	1K2H_A	
1K2H-4_A	2KBM-18_B	1K2H_A	
1K2H-4_A	2KBM-19_B	1K2H_A	
1K2H-4_A	2KBM-20_B	1K2H_A	
1NKU-1_A	1LMZ-9_A	1NKU_A	
1NKU-2_A	1LMZ-9_A	1NKU_A	
1NKU-3_A	1LMZ-9_A	1NKU_A	
1NKU-4_A	1LMZ-9_A	1NKU_A	
1NKU-5_A	1LMZ-9_A	1NKU_A	
1NKU-6_A	1LMZ-9_A	1NKU_A	
1NKU-7_A	1LMZ-9_A	1NKU_A	
1NKU-8_A	1LMZ-9_A	1NKU_A	
1NKU-9_A	1LMZ-9_A	1NKU_A	
1NKU-10_A	1LMZ-9_A	1NKU_A	
1NKU-11_A	1LMZ-9_A	1NKU_A	
1NKU-12_A	1LMZ-9_A	1NKU_A	
1NKU-13_A	1LMZ-9_A	1NKU_A	
1NKU-14_A	1LMZ-9_A	1NKU_A	
1NKU-15_A	1LMZ-9_A	1NKU_A	
1NKU-16_A	1LMZ-9_A	1NKU_A	
1NKU-17_A	1LMZ-9_A	1NKU_A	
1NKU-18_A	1LMZ-9_A	1NKU_A	
1NKU-19_A	1LMZ-9_A	1NKU_A	
1NKU-20_A	1LMZ-9_A	1NKU_A	
1NKU-21_A	1LMZ-9_A	1NKU_A	
1NKU-22_A	1LMZ-9_A	1NKU_A	
1NKU-23_A	1LMZ-9_A	1NKU_A	
1NKU-24_A	1LMZ-9_A	1NKU_A	
1NKU-25_A	1LMZ-9_A	1NKU_A	
1P7M-1_A	1LMZ-9_A	1NKU_A	
1P7M-2_A	1LMZ-9_A	1NKU_A	
1P7M-3_A	1LMZ-9_A	1NKU_A	
1P7M-4_A	1LMZ-9_A	1NKU_A	
1P7M-5_A	1LMZ-9_A	1NKU_A	
1P7M-6_A	1LMZ-9_A	1NKU_A	
1P7M-7_A	1LMZ-9_A	1NKU_A	
1P7M-8_A	1LMZ-9_A	1NKU_A	
1P7M-9_A	1LMZ-9_A	1NKU_A	
1P7M-10_A	1LMZ-9_A	1NKU_A	
1P7M-11_A	1LMZ-9_A	1NKU_A	
1P7M-12_A	1LMZ-9_A	1NKU_A	
1P7M-13_A	1LMZ-9_A	1NKU_A	
1P7M-14_A	1LMZ-9_A	1NKU_A	
1P7M-15_A	1LMZ-9_A	1NKU_A	
1P7M-16_A	1LMZ-9_A	1NKU_A	
1P7M-17_A	1LMZ-9_A	1NKU_A	
1P7M-18_A	1LMZ-9_A	1NKU_A	
1P7M-19_A	1LMZ-9_A	1NKU_A	
1P7M-20_A	1LMZ-9_A	1NKU_A	
1P7M-21_A	1LMZ-9_A	1NKU_A	
1P7M-22_A	1LMZ-9_A	1NKU_A	
1P7M-23_A	1LMZ-9_A	1NKU_A	
1P7M-24_A	1LMZ-9_A	1NKU_A	
1P7M-25_A	1LMZ-9_A	1NKU_A	
1LMZ-1_A	1LMZ-9_A	1NKU_A	
1LMZ-2_A	1LMZ-9_A	1NKU_A	
1LMZ-3_A	1LMZ-9_A	1NKU_A	
1LMZ-4_A	1LMZ-9_A	1NKU_A	
1LMZ-5_A	1LMZ-9_A	1NKU_A	
1LMZ-6_A	1LMZ-9_A	1NKU_A	
1LMZ-7_A	1LMZ-9_A	1NKU_A	
1LMZ-8_A	1LMZ-9_A	1NKU_A	
1LMZ-9_A	1LMZ-10_A	1NKU_A	
1LMZ-9_A	1LMZ-11_A	1NKU_A	
1LMZ-9_A	1LMZ-12_A	1NKU_A	
1LMZ-9_A	1LMZ-13_A	1NKU_A	
1LMZ-9_A	1LMZ-14_A	1NKU_A	
1LMZ-9_A	1LMZ-15_A	1NKU_A	
1LMZ-9_A	1LMZ-16_A	1NKU_A	
1LMZ-9_A	1LMZ-17_A	1NKU_A	
1LMZ-9_A	1LMZ-18_A	1NKU_A	
1LMZ-9_A	1LMZ-19_A	1NKU_A	
1LMZ-9_A	1LMZ-20_A	1NKU_A	
1LMZ-9_A	1LMZ-21_A	1NKU_A	
1LMZ-9_A	1LMZ-22_A	1NKU_A	
1LMZ-9_A	1LMZ-23_A	1NKU_A	
1LMZ-9_A	1LMZ-24_A	1NKU_A	
1LMZ-9_A	1LMZ-25_A	1NKU_A	
1MUT-1_A	1MUT-11_A	1MUT_A	
1MUT-2_A	1MUT-11_A	1MUT_A	
1MUT-3_A	1MUT-11_A	1MUT_A	
1MUT-4_A	1MUT-11_A	1MUT_A	
1MUT-5_A	1MUT-11_A	1MUT_A	
1MUT-6_A	1MUT-11_A	1MUT_A	
1MUT-7_A	1MUT-11_A	1MUT_A	
1MUT-8_A	1MUT-11_A	1MUT_A	
1MUT-9_A	1MUT-11_A	1MUT_A	
1MUT-10_A	1MUT-11_A	1MUT_A	
1MUT-11_A	1MUT-12_A	1MUT_A	
1MUT-11_A	1MUT-13_A	1MUT_A	
1MUT-11_A	1MUT-14_A	1MUT_A	
1MUT-11_A	1MUT-15_A	1MUT_A	
1MUT-11_A	1PUS-1_A	1MUT_A	
1MUT-11_A	1PUS-2_A	1MUT_A	
1MUT-11_A	1PUS-3_A	1MUT_A	
1MUT-11_A	1PUS-4_A	1MUT_A	
1MUT-11_A	1PUS-5_A	1MUT_A	
1MUT-11_A	1PUS-6_A	1MUT_A	
1MUT-11_A	1PUS-7_A	1MUT_A	
1MUT-11_A	1PUS-8_A	1MUT_A	
1MUT-11_A	1PUS-9_A	1MUT_A	
1MUT-11_A	1PUS-10_A	1MUT_A	
1MUT-11_A	1PUS-11_A	1MUT_A	
1MUT-11_A	1PUS-12_A	1MUT_A	
1MUT-11_A	1PUS-13_A	1MUT_A	
1MUT-11_A	1PUS-14_A	1MUT_A	
1MUT-11_A	1PUS-15_A	1MUT_A	
1MUT-11_A	1PUS-16_A	1MUT_A	
1MUT-11_A	1PUS-17_A	1MUT_A	
1MUT-11_A	1PUS-18_A	1MUT_A	
1MUT-11_A	1PUS-19_A	1MUT_A	
1MUT-11_A	1PUS-20_A	1MUT_A	
1MUT-11_A	3A6T_A	1MUT_A	
1MUT-11_A	1PUQ-1_A	1MUT_A	
1MUT-11_A	1PUQ-2_A	1MUT_A	
1MUT-11_A	1PUQ-3_A	1MUT_A	
1MUT-11_A	1PUQ-4_A	1MUT_A	
1MUT-11_A	1PUQ-5_A	1MUT_A	
1MUT-11_A	1PUQ-6_A	1MUT_A	
1MUT-11_A	1PUQ-7_A	1MUT_A	
1MUT-11_A	1PUQ-8_A	1MUT_A	
1MUT-11_A	1PUQ-9_A	1MUT_A	
1MUT-11_A	1PUQ-10_A	1MUT_A	
1MUT-11_A	1PUQ-11_A	1MUT_A	
1MUT-11_A	1PUQ-12_A	1MUT_A	
1MUT-11_A	1PUQ-13_A	1MUT_A	
1MUT-11_A	1PUQ-14_A	1MUT_A	
1MUT-11_A	1PUQ-15_A	1MUT_A	
1MUT-11_A	1PUQ-16_A	1MUT_A	
1MUT-11_A	1PUQ-17_A	1MUT_A	
1MUT-11_A	1PUQ-18_A	1MUT_A	
1MUT-11_A	1PUQ-19_A	1MUT_A	
1MUT-11_A	1PUQ-20_A	1MUT_A	
1MUT-11_A	3A6V_A	1MUT_A	
1MUT-11_A	3A6V_B	1MUT_A	
1MUT-11_A	1PPX-1_A	1MUT_A	
1MUT-11_A	1PPX-2_A	1MUT_A	
1MUT-11_A	1PPX-3_A	1MUT_A	
1MUT-11_A	1PPX-4_A	1MUT_A	
1MUT-11_A	1PPX-5_A	1MUT_A	
1MUT-11_A	1PPX-6_A	1MUT_A	
1MUT-11_A	1PPX-7_A	1MUT_A	
1MUT-11_A	1PPX-8_A	1MUT_A	
1MUT-11_A	1PPX-9_A	1MUT_A	
1MUT-11_A	1PPX-10_A	1MUT_A	
1MUT-11_A	1PPX-11_A	1MUT_A	
1MUT-11_A	1PPX-12_A	1MUT_A	
1MUT-11_A	1PPX-13_A	1MUT_A	
1MUT-11_A	1PPX-14_A	1MUT_A	
1MUT-11_A	1PPX-15_A	1MUT_A	
1MUT-11_A	1PPX-16_A	1MUT_A	
1MUT-11_A	1PPX-17_A	1MUT_A	
1MUT-11_A	1PPX-18_A	1MUT_A	
1MUT-11_A	1PPX-19_A	1MUT_A	
1MUT-11_A	1PPX-20_A	1MUT_A	
1MUT-11_A	1TUM-1_A	1MUT_A	
1MUT-11_A	1TUM-2_A	1MUT_A	
1MUT-11_A	1TUM-3_A	1MUT_A	
1MUT-11_A	1TUM-4_A	1MUT_A	
1MUT-11_A	1TUM-5_A	1MUT_A	
1MUT-11_A	1TUM-6_A	1MUT_A	
1MUT-11_A	1TUM-7_A	1MUT_A	
1MUT-11_A	1TUM-8_A	1MUT_A	
1MUT-11_A	1TUM-9_A	1MUT_A	
1MUT-11_A	1TUM-10_A	1MUT_A	
1MUT-11_A	1TUM-11_A	1MUT_A	
1MUT-11_A	1TUM-12_A	1MUT_A	
1MUT-11_A	1TUM-13_A	1MUT_A	
1MUT-11_A	1TUM-14_A	1MUT_A	
1MUT-11_A	1TUM-15_A	1MUT_A	
1MUT-11_A	1TUM-16_A	1MUT_A	
1MUT-11_A	3A6U_A	1MUT_A	
1MUT-11_A	1PUN-1_A	1MUT_A	
1MUT-11_A	1PUN-2_A	1MUT_A	
1MUT-11_A	1PUN-3_A	1MUT_A	
1MUT-11_A	1PUN-4_A	1MUT_A	
1MUT-11_A	1PUN-5_A	1MUT_A	
1MUT-11_A	1PUN-6_A	1MUT_A	
1MUT-11_A	1PUN-7_A	1MUT_A	
1MUT-11_A	1PUN-8_A	1MUT_A	
1MUT-11_A	1PUN-9_A	1MUT_A	
1MUT-11_A	1PUN-10_A	1MUT_A	
1MUT-11_A	1PUN-11_A	1MUT_A	
1MUT-11_A	1PUN-12_A	1MUT_A	
1MUT-11_A	1PUN-13_A	1MUT_A	
1MUT-11_A	1PUN-14_A	1MUT_A	
1MUT-11_A	1PUN-15_A	1MUT_A	
1MUT-11_A	1PUN-16_A	1MUT_A	
1MUT-11_A	1PUN-17_A	1MUT_A	
1MUT-11_A	1PUN-18_A	1MUT_A	
1MUT-11_A	1PUN-19_A	1MUT_A	
1MUT-11_A	1PUN-20_A	1MUT_A	
1MUT-11_A	3A6S_A	1MUT_A	
1MUT-11_A	3A6S_B	1MUT_A	
1NJF_A	1NJG_B	1NJF_A	
1NJF_B	1NJG_B	1NJF_A	
1NJF_C	1NJG_B	1NJF_A	
1NJF_D	1NJG_B	1NJF_A	
1NJG_A	1NJG_B	1NJF_A	
1SKT-1_A	1SKT-10_A	1SKT_A	
1SKT-2_A	1SKT-10_A	1SKT_A	
1SKT-3_A	1SKT-10_A	1SKT_A	
1SKT-4_A	1SKT-10_A	1SKT_A	
1SKT-5_A	1SKT-10_A	1SKT_A	
1SKT-6_A	1SKT-10_A	1SKT_A	
1SKT-7_A	1SKT-10_A	1SKT_A	
1SKT-8_A	1SKT-10_A	1SKT_A	
1SKT-9_A	1SKT-10_A	1SKT_A	
1SKT-10_A	1SKT-11_A	1SKT_A	
1SKT-10_A	1SKT-12_A	1SKT_A	
1SKT-10_A	1SKT-13_A	1SKT_A	
1SKT-10_A	1SKT-14_A	1SKT_A	
1SKT-10_A	1SKT-15_A	1SKT_A	
1SKT-10_A	1SKT-16_A	1SKT_A	
1SKT-10_A	1SKT-17_A	1SKT_A	
1SKT-10_A	1SKT-18_A	1SKT_A	
1SKT-10_A	1SKT-19_A	1SKT_A	
1SKT-10_A	1SKT-20_A	1SKT_A	
1SKT-10_A	1SKT-21_A	1SKT_A	
1SKT-10_A	1SKT-22_A	1SKT_A	
1SKT-10_A	1SKT-23_A	1SKT_A	
1SKT-10_A	1SKT-24_A	1SKT_A	
1SKT-10_A	1SKT-25_A	1SKT_A	
1SKT-10_A	1NPQ-1_A	1SKT_A	
1SKT-10_A	1NPQ-2_A	1SKT_A	
1SKT-10_A	1NPQ-3_A	1SKT_A	
1SKT-10_A	1NPQ-4_A	1SKT_A	
1SKT-10_A	1NPQ-5_A	1SKT_A	
1SKT-10_A	1NPQ-6_A	1SKT_A	
1SKT-10_A	1NPQ-7_A	1SKT_A	
1SKT-10_A	1NPQ-8_A	1SKT_A	
1SKT-10_A	1NPQ-9_A	1SKT_A	
1SKT-10_A	1NPQ-10_A	1SKT_A	
1SKT-10_A	1NPQ-11_A	1SKT_A	
1SKT-10_A	1NPQ-12_A	1SKT_A	
1SKT-10_A	1NPQ-13_A	1SKT_A	
1SKT-10_A	1NPQ-14_A	1SKT_A	
1SKT-10_A	1NPQ-15_A	1SKT_A	
1SKT-10_A	1NPQ-16_A	1SKT_A	
1SKT-10_A	1NPQ-17_A	1SKT_A	
1SKT-10_A	1NPQ-18_A	1SKT_A	
1SKT-10_A	1NPQ-19_A	1SKT_A	
1SKT-10_A	1NPQ-20_A	1SKT_A	
1SKT-10_A	1NPQ-21_A	1SKT_A	
1SKT-10_A	1AVS_A	1SKT_A	
1SKT-10_A	1AVS_B	1SKT_A	
1SKT-10_A	1BLQ-1_A	1SKT_A	
1SKT-10_A	1BLQ-2_A	1SKT_A	
1SKT-10_A	1BLQ-3_A	1SKT_A	
1SKT-10_A	1BLQ-4_A	1SKT_A	
1SKT-10_A	1BLQ-5_A	1SKT_A	
1SKT-10_A	1BLQ-6_A	1SKT_A	
1SKT-10_A	1BLQ-7_A	1SKT_A	
1SKT-10_A	1BLQ-8_A	1SKT_A	
1SKT-10_A	1BLQ-9_A	1SKT_A	
1SKT-10_A	1BLQ-10_A	1SKT_A	
1SKT-10_A	1BLQ-11_A	1SKT_A	
1SKT-10_A	1BLQ-12_A	1SKT_A	
1SKT-10_A	1BLQ-13_A	1SKT_A	
1SKT-10_A	1BLQ-14_A	1SKT_A	
1SKT-10_A	1BLQ-15_A	1SKT_A	
1SKT-10_A	1BLQ-16_A	1SKT_A	
1SKT-10_A	1BLQ-17_A	1SKT_A	
1SKT-10_A	1BLQ-18_A	1SKT_A	
1SKT-10_A	1BLQ-19_A	1SKT_A	
1SKT-10_A	1BLQ-20_A	1SKT_A	
1SKT-10_A	1BLQ-21_A	1SKT_A	
1SKT-10_A	1BLQ-22_A	1SKT_A	
1SKT-10_A	1BLQ-23_A	1SKT_A	
1SKT-10_A	1BLQ-24_A	1SKT_A	
1SKT-10_A	1BLQ-25_A	1SKT_A	
1SKT-10_A	1TNP-1_A	1SKT_A	
1SKT-10_A	1TNP-2_A	1SKT_A	
1SKT-10_A	1TNP-3_A	1SKT_A	
1SKT-10_A	1TNP-4_A	1SKT_A	
1SKT-10_A	1TNP-5_A	1SKT_A	
1SKT-10_A	1TNP-6_A	1SKT_A	
1SKT-10_A	1TNP-7_A	1SKT_A	
1SKT-10_A	1TNP-8_A	1SKT_A	
1SKT-10_A	1TNP-9_A	1SKT_A	
1SKT-10_A	1TNP-10_A	1SKT_A	
1SKT-10_A	1TNP-11_A	1SKT_A	
1SKT-10_A	1TNP-12_A	1SKT_A	
1SKT-10_A	1TNP-13_A	1SKT_A	
1SKT-10_A	1TNP-14_A	1SKT_A	
1SKT-10_A	1TNP-15_A	1SKT_A	
1SKT-10_A	1TNP-16_A	1SKT_A	
1SKT-10_A	1TNP-17_A	1SKT_A	
1SKT-10_A	1TNP-18_A	1SKT_A	
1SKT-10_A	1TNP-19_A	1SKT_A	
1SKT-10_A	1TNP-20_A	1SKT_A	
1SKT-10_A	1TNP-21_A	1SKT_A	
1SKT-10_A	1TNP-22_A	1SKT_A	
1SKT-10_A	1TNP-23_A	1SKT_A	
1SKT-10_A	1TNP-24_A	1SKT_A	
1SKT-10_A	1TNP-25_A	1SKT_A	
1SKT-10_A	1TNQ-1_A	1SKT_A	
1SKT-10_A	1TNQ-2_A	1SKT_A	
1SKT-10_A	1TNQ-3_A	1SKT_A	
1SKT-10_A	1TNQ-4_A	1SKT_A	
1SKT-10_A	1TNQ-5_A	1SKT_A	
1SKT-10_A	1TNQ-6_A	1SKT_A	
1SKT-10_A	1TNQ-7_A	1SKT_A	
1SKT-10_A	1TNQ-8_A	1SKT_A	
1SKT-10_A	1TNQ-9_A	1SKT_A	
1SKT-10_A	1TNQ-10_A	1SKT_A	
1SKT-10_A	1TNQ-11_A	1SKT_A	
1SKT-10_A	1TNQ-12_A	1SKT_A	
1SKT-10_A	1TNQ-13_A	1SKT_A	
1SKT-10_A	1TNQ-14_A	1SKT_A	
1SKT-10_A	1TNQ-15_A	1SKT_A	
1SKT-10_A	1TNQ-16_A	1SKT_A	
1SKT-10_A	1TNQ-17_A	1SKT_A	
1SKT-10_A	1TNQ-18_A	1SKT_A	
1SKT-10_A	1TNQ-19_A	1SKT_A	
1SKT-10_A	1TNQ-20_A	1SKT_A	
1SKT-10_A	1TNQ-21_A	1SKT_A	
1SKT-10_A	1TNQ-22_A	1SKT_A	
1SKT-10_A	1TNQ-23_A	1SKT_A	
1SKT-10_A	1TNQ-24_A	1SKT_A	
1SKT-10_A	1TNQ-25_A	1SKT_A	
1SKT-10_A	1SMG-1_A	1SKT_A	
1SKT-10_A	1SMG-2_A	1SKT_A	
1SKT-10_A	1SMG-3_A	1SKT_A	
1SKT-10_A	1SMG-4_A	1SKT_A	
1SKT-10_A	1SMG-5_A	1SKT_A	
1SKT-10_A	1SMG-6_A	1SKT_A	
1SKT-10_A	1SMG-7_A	1SKT_A	
1SKT-10_A	1SMG-8_A	1SKT_A	
1SKT-10_A	1SMG-9_A	1SKT_A	
1SKT-10_A	1SMG-10_A	1SKT_A	
1SKT-10_A	1SMG-11_A	1SKT_A	
1SKT-10_A	1SMG-12_A	1SKT_A	
1SKT-10_A	1SMG-13_A	1SKT_A	
1SKT-10_A	1SMG-14_A	1SKT_A	
1SKT-10_A	1SMG-15_A	1SKT_A	
1SKT-10_A	1SMG-16_A	1SKT_A	
1SKT-10_A	1SMG-17_A	1SKT_A	
1SKT-10_A	1SMG-18_A	1SKT_A	
1SKT-10_A	1SMG-19_A	1SKT_A	
1SKT-10_A	1SMG-20_A	1SKT_A	
1SKT-10_A	1SMG-21_A	1SKT_A	
1SKT-10_A	1SMG-22_A	1SKT_A	
1SKT-10_A	1SMG-23_A	1SKT_A	
1SKT-10_A	1SMG-24_A	1SKT_A	
1SKT-10_A	1SMG-25_A	1SKT_A	
1SKT-10_A	1ZAC_A	1SKT_A	
1XYD-1_A	1SYM-2_B	1XYD_A	
1XYD-2_A	1SYM-2_B	1XYD_A	
1XYD-3_A	1SYM-2_B	1XYD_A	
1XYD-4_A	1SYM-2_B	1XYD_A	
1XYD-5_A	1SYM-2_B	1XYD_A	
1XYD-6_A	1SYM-2_B	1XYD_A	
1XYD-7_A	1SYM-2_B	1XYD_A	
1XYD-8_A	1SYM-2_B	1XYD_A	
1XYD-9_A	1SYM-2_B	1XYD_A	
1XYD-10_A	1SYM-2_B	1XYD_A	
1XYD-11_A	1SYM-2_B	1XYD_A	
1XYD-12_A	1SYM-2_B	1XYD_A	
1XYD-13_A	1SYM-2_B	1XYD_A	
1XYD-14_A	1SYM-2_B	1XYD_A	
1XYD-15_A	1SYM-2_B	1XYD_A	
1XYD-16_A	1SYM-2_B	1XYD_A	
1XYD-17_A	1SYM-2_B	1XYD_A	
1XYD-18_A	1SYM-2_B	1XYD_A	
1XYD-19_A	1SYM-2_B	1XYD_A	
1XYD-20_A	1SYM-2_B	1XYD_A	
1XYD-1_B	1SYM-2_B	1XYD_A	
1XYD-2_B	1SYM-2_B	1XYD_A	
1XYD-3_B	1SYM-2_B	1XYD_A	
1XYD-4_B	1SYM-2_B	1XYD_A	
1XYD-5_B	1SYM-2_B	1XYD_A	
1XYD-6_B	1SYM-2_B	1XYD_A	
1XYD-7_B	1SYM-2_B	1XYD_A	
1XYD-8_B	1SYM-2_B	1XYD_A	
1XYD-9_B	1SYM-2_B	1XYD_A	
1XYD-10_B	1SYM-2_B	1XYD_A	
1XYD-11_B	1SYM-2_B	1XYD_A	
1XYD-12_B	1SYM-2_B	1XYD_A	
1XYD-13_B	1SYM-2_B	1XYD_A	
1XYD-14_B	1SYM-2_B	1XYD_A	
1XYD-15_B	1SYM-2_B	1XYD_A	
1XYD-16_B	1SYM-2_B	1XYD_A	
1XYD-17_B	1SYM-2_B	1XYD_A	
1XYD-18_B	1SYM-2_B	1XYD_A	
1XYD-19_B	1SYM-2_B	1XYD_A	
1XYD-20_B	1SYM-2_B	1XYD_A	
1QLK-1_A	1SYM-2_B	1XYD_A	
1QLK-2_A	1SYM-2_B	1XYD_A	
1QLK-3_A	1SYM-2_B	1XYD_A	
1QLK-4_A	1SYM-2_B	1XYD_A	
1QLK-5_A	1SYM-2_B	1XYD_A	
1QLK-6_A	1SYM-2_B	1XYD_A	
1QLK-7_A	1SYM-2_B	1XYD_A	
1QLK-8_A	1SYM-2_B	1XYD_A	
1QLK-9_A	1SYM-2_B	1XYD_A	
1QLK-10_A	1SYM-2_B	1XYD_A	
1QLK-11_A	1SYM-2_B	1XYD_A	
1QLK-12_A	1SYM-2_B	1XYD_A	
1QLK-13_A	1SYM-2_B	1XYD_A	
1QLK-14_A	1SYM-2_B	1XYD_A	
1QLK-15_A	1SYM-2_B	1XYD_A	
1QLK-16_A	1SYM-2_B	1XYD_A	
1QLK-17_A	1SYM-2_B	1XYD_A	
1QLK-18_A	1SYM-2_B	1XYD_A	
1QLK-19_A	1SYM-2_B	1XYD_A	
1QLK-20_A	1SYM-2_B	1XYD_A	
1QLK-1_B	1SYM-2_B	1XYD_A	
1QLK-2_B	1SYM-2_B	1XYD_A	
1QLK-3_B	1SYM-2_B	1XYD_A	
1QLK-4_B	1SYM-2_B	1XYD_A	
1QLK-5_B	1SYM-2_B	1XYD_A	
1QLK-6_B	1SYM-2_B	1XYD_A	
1QLK-7_B	1SYM-2_B	1XYD_A	
1QLK-8_B	1SYM-2_B	1XYD_A	
1QLK-9_B	1SYM-2_B	1XYD_A	
1QLK-10_B	1SYM-2_B	1XYD_A	
1QLK-11_B	1SYM-2_B	1XYD_A	
1QLK-12_B	1SYM-2_B	1XYD_A	
1QLK-13_B	1SYM-2_B	1XYD_A	
1QLK-14_B	1SYM-2_B	1XYD_A	
1QLK-15_B	1SYM-2_B	1XYD_A	
1QLK-16_B	1SYM-2_B	1XYD_A	
1QLK-17_B	1SYM-2_B	1XYD_A	
1QLK-18_B	1SYM-2_B	1XYD_A	
1QLK-19_B	1SYM-2_B	1XYD_A	
1QLK-20_B	1SYM-2_B	1XYD_A	
1DT7-1_A	1SYM-2_B	1XYD_A	
1DT7-2_A	1SYM-2_B	1XYD_A	
1DT7-3_A	1SYM-2_B	1XYD_A	
1DT7-4_A	1SYM-2_B	1XYD_A	
1DT7-5_A	1SYM-2_B	1XYD_A	
1DT7-6_A	1SYM-2_B	1XYD_A	
1DT7-7_A	1SYM-2_B	1XYD_A	
1DT7-8_A	1SYM-2_B	1XYD_A	
1DT7-9_A	1SYM-2_B	1XYD_A	
1DT7-10_A	1SYM-2_B	1XYD_A	
1DT7-11_A	1SYM-2_B	1XYD_A	
1DT7-12_A	1SYM-2_B	1XYD_A	
1DT7-13_A	1SYM-2_B	1XYD_A	
1DT7-14_A	1SYM-2_B	1XYD_A	
1DT7-15_A	1SYM-2_B	1XYD_A	
1DT7-16_A	1SYM-2_B	1XYD_A	
1DT7-17_A	1SYM-2_B	1XYD_A	
1DT7-18_A	1SYM-2_B	1XYD_A	
1DT7-19_A	1SYM-2_B	1XYD_A	
1DT7-20_A	1SYM-2_B	1XYD_A	
1DT7-21_A	1SYM-2_B	1XYD_A	
1DT7-22_A	1SYM-2_B	1XYD_A	
1DT7-23_A	1SYM-2_B	1XYD_A	
1DT7-24_A	1SYM-2_B	1XYD_A	
1DT7-25_A	1SYM-2_B	1XYD_A	
1DT7-1_B	1SYM-2_B	1XYD_A	
1DT7-2_B	1SYM-2_B	1XYD_A	
1DT7-3_B	1SYM-2_B	1XYD_A	
1DT7-4_B	1SYM-2_B	1XYD_A	
1DT7-5_B	1SYM-2_B	1XYD_A	
1DT7-6_B	1SYM-2_B	1XYD_A	
1DT7-7_B	1SYM-2_B	1XYD_A	
1DT7-8_B	1SYM-2_B	1XYD_A	
1DT7-9_B	1SYM-2_B	1XYD_A	
1DT7-10_B	1SYM-2_B	1XYD_A	
1DT7-11_B	1SYM-2_B	1XYD_A	
1DT7-12_B	1SYM-2_B	1XYD_A	
1DT7-13_B	1SYM-2_B	1XYD_A	
1DT7-14_B	1SYM-2_B	1XYD_A	
1DT7-15_B	1SYM-2_B	1XYD_A	
1DT7-16_B	1SYM-2_B	1XYD_A	
1DT7-17_B	1SYM-2_B	1XYD_A	
1DT7-18_B	1SYM-2_B	1XYD_A	
1DT7-19_B	1SYM-2_B	1XYD_A	
1DT7-20_B	1SYM-2_B	1XYD_A	
1DT7-21_B	1SYM-2_B	1XYD_A	
1DT7-22_B	1SYM-2_B	1XYD_A	
1DT7-23_B	1SYM-2_B	1XYD_A	
1DT7-24_B	1SYM-2_B	1XYD_A	
1DT7-25_B	1SYM-2_B	1XYD_A	
1B4C-1_A	1SYM-2_B	1XYD_A	
1B4C-2_A	1SYM-2_B	1XYD_A	
1B4C-3_A	1SYM-2_B	1XYD_A	
1B4C-4_A	1SYM-2_B	1XYD_A	
1B4C-5_A	1SYM-2_B	1XYD_A	
1B4C-6_A	1SYM-2_B	1XYD_A	
1B4C-7_A	1SYM-2_B	1XYD_A	
1B4C-8_A	1SYM-2_B	1XYD_A	
1B4C-9_A	1SYM-2_B	1XYD_A	
1B4C-10_A	1SYM-2_B	1XYD_A	
1B4C-11_A	1SYM-2_B	1XYD_A	
1B4C-12_A	1SYM-2_B	1XYD_A	
1B4C-13_A	1SYM-2_B	1XYD_A	
1B4C-14_A	1SYM-2_B	1XYD_A	
1B4C-15_A	1SYM-2_B	1XYD_A	
1B4C-16_A	1SYM-2_B	1XYD_A	
1B4C-17_A	1SYM-2_B	1XYD_A	
1B4C-18_A	1SYM-2_B	1XYD_A	
1B4C-19_A	1SYM-2_B	1XYD_A	
1B4C-20_A	1SYM-2_B	1XYD_A	
1B4C-21_A	1SYM-2_B	1XYD_A	
1B4C-1_B	1SYM-2_B	1XYD_A	
1B4C-2_B	1SYM-2_B	1XYD_A	
1B4C-3_B	1SYM-2_B	1XYD_A	
1B4C-4_B	1SYM-2_B	1XYD_A	
1B4C-5_B	1SYM-2_B	1XYD_A	
1B4C-6_B	1SYM-2_B	1XYD_A	
1B4C-7_B	1SYM-2_B	1XYD_A	
1B4C-8_B	1SYM-2_B	1XYD_A	
1B4C-9_B	1SYM-2_B	1XYD_A	
1B4C-10_B	1SYM-2_B	1XYD_A	
1B4C-11_B	1SYM-2_B	1XYD_A	
1B4C-12_B	1SYM-2_B	1XYD_A	
1B4C-13_B	1SYM-2_B	1XYD_A	
1B4C-14_B	1SYM-2_B	1XYD_A	
1B4C-15_B	1SYM-2_B	1XYD_A	
1B4C-16_B	1SYM-2_B	1XYD_A	
1B4C-17_B	1SYM-2_B	1XYD_A	
1B4C-18_B	1SYM-2_B	1XYD_A	
1B4C-19_B	1SYM-2_B	1XYD_A	
1B4C-20_B	1SYM-2_B	1XYD_A	
1B4C-21_B	1SYM-2_B	1XYD_A	
1SYM-1_A	1SYM-2_B	1XYD_A	
1SYM-2_A	1SYM-2_B	1XYD_A	
1SYM-3_A	1SYM-2_B	1XYD_A	
1SYM-4_A	1SYM-2_B	1XYD_A	
1SYM-5_A	1SYM-2_B	1XYD_A	
1SYM-6_A	1SYM-2_B	1XYD_A	
1SYM-7_A	1SYM-2_B	1XYD_A	
1SYM-8_A	1SYM-2_B	1XYD_A	
1SYM-9_A	1SYM-2_B	1XYD_A	
1SYM-10_A	1SYM-2_B	1XYD_A	
1SYM-11_A	1SYM-2_B	1XYD_A	
1SYM-12_A	1SYM-2_B	1XYD_A	
1SYM-13_A	1SYM-2_B	1XYD_A	
1SYM-14_A	1SYM-2_B	1XYD_A	
1SYM-15_A	1SYM-2_B	1XYD_A	
1SYM-16_A	1SYM-2_B	1XYD_A	
1SYM-17_A	1SYM-2_B	1XYD_A	
1SYM-18_A	1SYM-2_B	1XYD_A	
1SYM-19_A	1SYM-2_B	1XYD_A	
1SYM-20_A	1SYM-2_B	1XYD_A	
1SYM-1_B	1SYM-2_B	1XYD_A	
1SYM-2_B	1SYM-3_B	1XYD_A	
1SYM-2_B	1SYM-4_B	1XYD_A	
1SYM-2_B	1SYM-5_B	1XYD_A	
1SYM-2_B	1SYM-6_B	1XYD_A	
1SYM-2_B	1SYM-7_B	1XYD_A	
1SYM-2_B	1SYM-8_B	1XYD_A	
1SYM-2_B	1SYM-9_B	1XYD_A	
1SYM-2_B	1SYM-10_B	1XYD_A	
1SYM-2_B	1SYM-11_B	1XYD_A	
1SYM-2_B	1SYM-12_B	1XYD_A	
1SYM-2_B	1SYM-13_B	1XYD_A	
1SYM-2_B	1SYM-14_B	1XYD_A	
1SYM-2_B	1SYM-15_B	1XYD_A	
1SYM-2_B	1SYM-16_B	1XYD_A	
1SYM-2_B	1SYM-17_B	1XYD_A	
1SYM-2_B	1SYM-18_B	1XYD_A	
1SYM-2_B	1SYM-19_B	1XYD_A	
1SYM-2_B	1SYM-20_B	1XYD_A	
1SYM-2_B	1MWN-1_A	1XYD_A	
1SYM-2_B	1MWN-2_A	1XYD_A	
1SYM-2_B	1MWN-3_A	1XYD_A	
1SYM-2_B	1MWN-4_A	1XYD_A	
1SYM-2_B	1MWN-5_A	1XYD_A	
1SYM-2_B	1MWN-6_A	1XYD_A	
1SYM-2_B	1MWN-7_A	1XYD_A	
1SYM-2_B	1MWN-8_A	1XYD_A	
1SYM-2_B	1MWN-9_A	1XYD_A	
1SYM-2_B	1MWN-10_A	1XYD_A	
1SYM-2_B	1MWN-11_A	1XYD_A	
1SYM-2_B	1MWN-12_A	1XYD_A	
1SYM-2_B	1MWN-13_A	1XYD_A	
1SYM-2_B	1MWN-14_A	1XYD_A	
1SYM-2_B	1MWN-15_A	1XYD_A	
1SYM-2_B	1MWN-16_A	1XYD_A	
1SYM-2_B	1MWN-17_A	1XYD_A	
1SYM-2_B	1MWN-18_A	1XYD_A	
1SYM-2_B	1MWN-19_A	1XYD_A	
1SYM-2_B	1MWN-20_A	1XYD_A	
1SYM-2_B	1MWN-1_B	1XYD_A	
1SYM-2_B	1MWN-2_B	1XYD_A	
1SYM-2_B	1MWN-3_B	1XYD_A	
1SYM-2_B	1MWN-4_B	1XYD_A	
1SYM-2_B	1MWN-5_B	1XYD_A	
1SYM-2_B	1MWN-6_B	1XYD_A	
1SYM-2_B	1MWN-7_B	1XYD_A	
1SYM-2_B	1MWN-8_B	1XYD_A	
1SYM-2_B	1MWN-9_B	1XYD_A	
1SYM-2_B	1MWN-10_B	1XYD_A	
1SYM-2_B	1MWN-11_B	1XYD_A	
1SYM-2_B	1MWN-12_B	1XYD_A	
1SYM-2_B	1MWN-13_B	1XYD_A	
1SYM-2_B	1MWN-14_B	1XYD_A	
1SYM-2_B	1MWN-15_B	1XYD_A	
1SYM-2_B	1MWN-16_B	1XYD_A	
1SYM-2_B	1MWN-17_B	1XYD_A	
1SYM-2_B	1MWN-18_B	1XYD_A	
1SYM-2_B	1MWN-19_B	1XYD_A	
1SYM-2_B	1MWN-20_B	1XYD_A	
1SYM-2_B	2K7O-1_A	1XYD_A	
1SYM-2_B	2K7O-2_A	1XYD_A	
1SYM-2_B	2K7O-3_A	1XYD_A	
1SYM-2_B	2K7O-4_A	1XYD_A	
1SYM-2_B	2K7O-5_A	1XYD_A	
1SYM-2_B	2K7O-6_A	1XYD_A	
1SYM-2_B	2K7O-7_A	1XYD_A	
1SYM-2_B	2K7O-8_A	1XYD_A	
1SYM-2_B	2K7O-9_A	1XYD_A	
1SYM-2_B	2K7O-10_A	1XYD_A	
1SYM-2_B	2K7O-11_A	1XYD_A	
1SYM-2_B	2K7O-12_A	1XYD_A	
1SYM-2_B	2K7O-13_A	1XYD_A	
1SYM-2_B	2K7O-14_A	1XYD_A	
1SYM-2_B	2K7O-15_A	1XYD_A	
1SYM-2_B	2K7O-16_A	1XYD_A	
1SYM-2_B	2K7O-17_A	1XYD_A	
1SYM-2_B	2K7O-18_A	1XYD_A	
1SYM-2_B	2K7O-19_A	1XYD_A	
1SYM-2_B	2K7O-20_A	1XYD_A	
1SYM-2_B	2K7O-1_B	1XYD_A	
1SYM-2_B	2K7O-2_B	1XYD_A	
1SYM-2_B	2K7O-3_B	1XYD_A	
1SYM-2_B	2K7O-4_B	1XYD_A	
1SYM-2_B	2K7O-5_B	1XYD_A	
1SYM-2_B	2K7O-6_B	1XYD_A	
1SYM-2_B	2K7O-7_B	1XYD_A	
1SYM-2_B	2K7O-8_B	1XYD_A	
1SYM-2_B	2K7O-9_B	1XYD_A	
1SYM-2_B	2K7O-10_B	1XYD_A	
1SYM-2_B	2K7O-11_B	1XYD_A	
1SYM-2_B	2K7O-12_B	1XYD_A	
1SYM-2_B	2K7O-13_B	1XYD_A	
1SYM-2_B	2K7O-14_B	1XYD_A	
1SYM-2_B	2K7O-15_B	1XYD_A	
1SYM-2_B	2K7O-16_B	1XYD_A	
1SYM-2_B	2K7O-17_B	1XYD_A	
1SYM-2_B	2K7O-18_B	1XYD_A	
1SYM-2_B	2K7O-19_B	1XYD_A	
1SYM-2_B	2K7O-20_B	1XYD_A	
5D1M_A	1W4U-9_A	5D1M_A	
4A4C_C	1W4U-9_A	5D1M_A	
4A49_B	1W4U-9_A	5D1M_A	
5D1K_A	1W4U-9_A	5D1M_A	
1UR6-1_A	1W4U-9_A	5D1M_A	
1UR6-2_A	1W4U-9_A	5D1M_A	
1UR6-3_A	1W4U-9_A	5D1M_A	
1UR6-4_A	1W4U-9_A	5D1M_A	
1UR6-5_A	1W4U-9_A	5D1M_A	
1W4U-1_A	1W4U-9_A	5D1M_A	
1W4U-2_A	1W4U-9_A	5D1M_A	
1W4U-3_A	1W4U-9_A	5D1M_A	
1W4U-4_A	1W4U-9_A	5D1M_A	
1W4U-5_A	1W4U-9_A	5D1M_A	
1W4U-6_A	1W4U-9_A	5D1M_A	
1W4U-7_A	1W4U-9_A	5D1M_A	
1W4U-8_A	1W4U-9_A	5D1M_A	
1W4U-9_A	1W4U-10_A	5D1M_A	
1W4U-9_A	5D1L_A	5D1M_A	
1W4U-9_A	4A4B_C	5D1M_A	
1W4U-9_A	3TGD_A	5D1M_A	
1W4U-9_A	2CLW_B	5D1M_A	
1W4U-9_A	2CLW_C	5D1M_A	
1W4U-9_A	2CLW_D	5D1M_A	
1W4U-9_A	2CLW_A	5D1M_A	
1W4U-9_A	3EB6_B	5D1M_A	
1W4U-9_A	2ESK_A	5D1M_A	
3VLU_A	1Y3Q_A	3VLU_A	
3VLV_A	1Y3Q_A	3VLU_A	
3VLW_A	1Y3Q_A	3VLU_A	
3VLW_B	1Y3Q_A	3VLU_A	
1Y3Q_A	3A09_A	3VLU_A	
1Y3Q_A	1Y3N_A	3VLU_A	
1Y3Q_A	1Y3P_A	3VLU_A	
5TJY_A	1YL5_B	5TJY_A	
5UGV_A	1YL5_B	5TJY_A	
5UGV_B	1YL5_B	5TJY_A	
5TEK_A	1YL5_B	5TJY_A	
5TEK_B	1YL5_B	5TJY_A	
5TJZ_A	1YL5_B	5TJY_A	
1YL5_A	1YL5_B	5TJY_A	
1YL5_B	1YL7_A	5TJY_A	
1YL5_B	1YL7_B	5TJY_A	
1YL5_B	1YL7_C	5TJY_A	
1YL5_B	1YL7_D	5TJY_A	
1YL5_B	1YL7_E	5TJY_A	
1YL5_B	1YL7_F	5TJY_A	
1YL5_B	1YL7_G	5TJY_A	
1YL5_B	1YL7_H	5TJY_A	
1YL5_B	1YL6_A	5TJY_A	
1YL5_B	1YL6_B	5TJY_A	
4KGV_A	1ZA1_A	4KGV_A	
4KGV_C	1ZA1_A	4KGV_A	
1EKX_A	1ZA1_A	4KGV_A	
1EKX_B	1ZA1_A	4KGV_A	
1EKX_C	1ZA1_A	4KGV_A	
1RAI_A	1ZA1_A	4KGV_A	
1RAI_C	1ZA1_A	4KGV_A	
1RAD_A	1ZA1_A	4KGV_A	
1RAD_C	1ZA1_A	4KGV_A	
2AIR_A	1ZA1_A	4KGV_A	
2AIR_G	1ZA1_A	4KGV_A	
1RAA_A	1ZA1_A	4KGV_A	
1RAA_C	1ZA1_A	4KGV_A	
1RAC_A	1ZA1_A	4KGV_A	
1RAC_C	1ZA1_A	4KGV_A	
1RAG_A	1ZA1_A	4KGV_A	
1RAG_C	1ZA1_A	4KGV_A	
2IPO_A	1ZA1_A	4KGV_A	
2IPO_C	1ZA1_A	4KGV_A	
1Q95_A	1ZA1_A	4KGV_A	
1Q95_B	1ZA1_A	4KGV_A	
1Q95_C	1ZA1_A	4KGV_A	
1Q95_D	1ZA1_A	4KGV_A	
1Q95_E	1ZA1_A	4KGV_A	
1Q95_F	1ZA1_A	4KGV_A	
4F04_A	1ZA1_A	4KGV_A	
4F04_C	1ZA1_A	4KGV_A	
1RAH_A	1ZA1_A	4KGV_A	
1RAH_C	1ZA1_A	4KGV_A	
2QG9_A	1ZA1_A	4KGV_A	
2QG9_C	1ZA1_A	4KGV_A	
2FZC_A	1ZA1_A	4KGV_A	
2FZC_C	1ZA1_A	4KGV_A	
1R0C_A	1ZA1_A	4KGV_A	
1R0C_G	1ZA1_A	4KGV_A	
4KH1_A	1ZA1_A	4KGV_A	
4KH1_C	1ZA1_A	4KGV_A	
4FYV_A	1ZA1_A	4KGV_A	
4FYV_C	1ZA1_A	4KGV_A	
1R0B_A	1ZA1_A	4KGV_A	
1R0B_B	1ZA1_A	4KGV_A	
1R0B_C	1ZA1_A	4KGV_A	
1R0B_D	1ZA1_A	4KGV_A	
1R0B_E	1ZA1_A	4KGV_A	
1R0B_F	1ZA1_A	4KGV_A	
1RAF_A	1ZA1_A	4KGV_A	
1RAF_C	1ZA1_A	4KGV_A	
3D7S_A	1ZA1_A	4KGV_A	
3D7S_C	1ZA1_A	4KGV_A	
4FYW_A	1ZA1_A	4KGV_A	
4FYW_C	1ZA1_A	4KGV_A	
4KH0_A	1ZA1_A	4KGV_A	
4KH0_C	1ZA1_A	4KGV_A	
2FZK_A	1ZA1_A	4KGV_A	
2FZK_C	1ZA1_A	4KGV_A	
2QGF_A	1ZA1_A	4KGV_A	
2QGF_C	1ZA1_A	4KGV_A	
4FYY_A	1ZA1_A	4KGV_A	
4FYY_C	1ZA1_A	4KGV_A	
3CSU_A	1ZA1_A	4KGV_A	
3CSU_B	1ZA1_A	4KGV_A	
3CSU_C	1ZA1_A	4KGV_A	
6KJB_A	1ZA1_A	4KGV_A	
4KGZ_A	1ZA1_A	4KGV_A	
4KGZ_C	1ZA1_A	4KGV_A	
2FZG_A	1ZA1_A	4KGV_A	
2FZG_C	1ZA1_A	4KGV_A	
1RAE_A	1ZA1_A	4KGV_A	
1RAE_C	1ZA1_A	4KGV_A	
1ZA1_A	1ZA1_C	4KGV_A	
1ZA1_A	2H3E_A	4KGV_A	
1ZA1_A	2H3E_C	4KGV_A	
1ZA1_A	4KGX_A	4KGV_A	
1ZA1_A	4KGX_C	4KGV_A	
1ZA1_A	1RAB_A	4KGV_A	
1ZA1_A	1RAB_C	4KGV_A	
1ZA1_A	1ZA2_A	4KGV_A	
1ZA1_A	1ZA2_C	4KGV_A	
1ZA1_A	4FYX_A	4KGV_A	
1ZA1_A	4FYX_C	4KGV_A	
1RU2_A	2F63-4_A	1RU2_A	
1RTZ_A	2F63-4_A	1RU2_A	
1RU1_A	2F63-4_A	1RU2_A	
1RU1_B	2F63-4_A	1RU2_A	
5ETK_A	2F63-4_A	1RU2_A	
4M5H_A	2F63-4_A	1RU2_A	
5ETN_A	2F63-4_A	1RU2_A	
4M5I_A	2F63-4_A	1RU2_A	
5ETL_A	2F63-4_A	1RU2_A	
5ETL_B	2F63-4_A	1RU2_A	
5ETL_C	2F63-4_A	1RU2_A	
5ETL_D	2F63-4_A	1RU2_A	
4M5G_A	2F63-4_A	1RU2_A	
4M5K_A	2F63-4_A	1RU2_A	
5ETP_A	2F63-4_A	1RU2_A	
4M5M_A	2F63-4_A	1RU2_A	
5ETO_A	2F63-4_A	1RU2_A	
4M5J_A	2F63-4_A	1RU2_A	
4M5L_A	2F63-4_A	1RU2_A	
5ETM_A	2F63-4_A	1RU2_A	
4M5N_A	2F63-4_A	1RU2_A	
4M5N_B	2F63-4_A	1RU2_A	
4F7V_A	2F63-4_A	1RU2_A	
3UDE_A	2F63-4_A	1RU2_A	
1KBR_A	2F63-4_A	1RU2_A	
1IM6_A	2F63-4_A	1RU2_A	
1TMJ_A	2F63-4_A	1RU2_A	
1RAO_A	2F63-4_A	1RU2_A	
3ILJ_A	2F63-4_A	1RU2_A	
3HD1_A	2F63-4_A	1RU2_A	
3HSG_A	2F63-4_A	1RU2_A	
7KDR_A	2F63-4_A	1RU2_A	
1G4C_A	2F63-4_A	1RU2_A	
1G4C_B	2F63-4_A	1RU2_A	
3KUH_A	2F63-4_A	1RU2_A	
3HSJ_A	2F63-4_A	1RU2_A	
2F65-1_A	2F63-4_A	1RU2_A	
2F65-2_A	2F63-4_A	1RU2_A	
2F65-3_A	2F63-4_A	1RU2_A	
2F65-4_A	2F63-4_A	1RU2_A	
2F65-5_A	2F63-4_A	1RU2_A	
2F65-6_A	2F63-4_A	1RU2_A	
2F65-7_A	2F63-4_A	1RU2_A	
2F65-8_A	2F63-4_A	1RU2_A	
2F65-9_A	2F63-4_A	1RU2_A	
2F65-10_A	2F63-4_A	1RU2_A	
2F65-11_A	2F63-4_A	1RU2_A	
2F65-12_A	2F63-4_A	1RU2_A	
2F65-13_A	2F63-4_A	1RU2_A	
2F65-14_A	2F63-4_A	1RU2_A	
2F65-15_A	2F63-4_A	1RU2_A	
2F65-16_A	2F63-4_A	1RU2_A	
2F65-17_A	2F63-4_A	1RU2_A	
2F65-18_A	2F63-4_A	1RU2_A	
2F65-19_A	2F63-4_A	1RU2_A	
2F65-20_A	2F63-4_A	1RU2_A	
2F65-21_A	2F63-4_A	1RU2_A	
1EX8_A	2F63-4_A	1RU2_A	
1RB0_A	2F63-4_A	1RU2_A	
6AN4_A	2F63-4_A	1RU2_A	
3UD5_A	2F63-4_A	1RU2_A	
3HT0_A	2F63-4_A	1RU2_A	
3ILO_A	2F63-4_A	1RU2_A	
3UDV_A	2F63-4_A	1RU2_A	
1TMM_A	2F63-4_A	1RU2_A	
1TMM_B	2F63-4_A	1RU2_A	
1HQ2_A	2F63-4_A	1RU2_A	
3HSZ_A	2F63-4_A	1RU2_A	
3ILL_A	2F63-4_A	1RU2_A	
6AN6_A	2F63-4_A	1RU2_A	
6AN6_B	2F63-4_A	1RU2_A	
1F9H_A	2F63-4_A	1RU2_A	
3HSD_A	2F63-4_A	1RU2_A	
3HSD_B	2F63-4_A	1RU2_A	
7KDO_A	2F63-4_A	1RU2_A	
1DY3_A	2F63-4_A	1RU2_A	
3HCX_A	2F63-4_A	1RU2_A	
1Q0N_A	2F63-4_A	1RU2_A	
1EQ0-1_A	2F63-4_A	1RU2_A	
1EQ0-2_A	2F63-4_A	1RU2_A	
1EQ0-3_A	2F63-4_A	1RU2_A	
1EQ0-4_A	2F63-4_A	1RU2_A	
1EQ0-5_A	2F63-4_A	1RU2_A	
1EQ0-6_A	2F63-4_A	1RU2_A	
1EQ0-7_A	2F63-4_A	1RU2_A	
1EQ0-8_A	2F63-4_A	1RU2_A	
1EQ0-9_A	2F63-4_A	1RU2_A	
1EQ0-10_A	2F63-4_A	1RU2_A	
1EQ0-11_A	2F63-4_A	1RU2_A	
1EQ0-12_A	2F63-4_A	1RU2_A	
1EQ0-13_A	2F63-4_A	1RU2_A	
1EQ0-14_A	2F63-4_A	1RU2_A	
1EQ0-15_A	2F63-4_A	1RU2_A	
1EQ0-16_A	2F63-4_A	1RU2_A	
1EQ0-17_A	2F63-4_A	1RU2_A	
1EQ0-18_A	2F63-4_A	1RU2_A	
1EQ0-19_A	2F63-4_A	1RU2_A	
1EQ0-20_A	2F63-4_A	1RU2_A	
3KUG_A	2F63-4_A	1RU2_A	
3KUE_A	2F63-4_A	1RU2_A	
3ILI_A	2F63-4_A	1RU2_A	
3HD2_A	2F63-4_A	1RU2_A	
1EQM_A	2F63-4_A	1RU2_A	
2F63-1_A	2F63-4_A	1RU2_A	
2F63-2_A	2F63-4_A	1RU2_A	
2F63-3_A	2F63-4_A	1RU2_A	
2F63-4_A	2F63-5_A	1RU2_A	
2F63-4_A	2F63-6_A	1RU2_A	
2F63-4_A	2F63-7_A	1RU2_A	
2F63-4_A	2F63-8_A	1RU2_A	
2F63-4_A	2F63-9_A	1RU2_A	
2F63-4_A	2F63-10_A	1RU2_A	
2F63-4_A	2F63-11_A	1RU2_A	
2F63-4_A	2F63-12_A	1RU2_A	
2F63-4_A	2F63-13_A	1RU2_A	
2F63-4_A	2F63-14_A	1RU2_A	
2F63-4_A	2F63-15_A	1RU2_A	
2F63-4_A	2F63-16_A	1RU2_A	
2F63-4_A	2F63-17_A	1RU2_A	
2F63-4_A	2F63-18_A	1RU2_A	
2F63-4_A	2F63-19_A	1RU2_A	
2F63-4_A	2F63-20_A	1RU2_A	
2F63-4_A	2F63-21_A	1RU2_A	
2F63-4_A	3IP0_A	1RU2_A	
2F63-4_A	1HKA_A	1RU2_A	
2JWW-1_A	2JWW-13_A	2JWW_A	
2JWW-2_A	2JWW-13_A	2JWW_A	
2JWW-3_A	2JWW-13_A	2JWW_A	
2JWW-4_A	2JWW-13_A	2JWW_A	
2JWW-5_A	2JWW-13_A	2JWW_A	
2JWW-6_A	2JWW-13_A	2JWW_A	
2JWW-7_A	2JWW-13_A	2JWW_A	
2JWW-8_A	2JWW-13_A	2JWW_A	
2JWW-9_A	2JWW-13_A	2JWW_A	
2JWW-10_A	2JWW-13_A	2JWW_A	
2JWW-11_A	2JWW-13_A	2JWW_A	
2JWW-12_A	2JWW-13_A	2JWW_A	
2JWW-13_A	2JWW-14_A	2JWW_A	
2JWW-13_A	2JWW-15_A	2JWW_A	
2JWW-13_A	2JWW-16_A	2JWW_A	
2JWW-13_A	2JWW-17_A	2JWW_A	
2JWW-13_A	2JWW-18_A	2JWW_A	
2JWW-13_A	2JWW-19_A	2JWW_A	
2JWW-13_A	2JWW-20_A	2JWW_A	
2JWW-13_A	1S3P_A	2JWW_A	
2JWW-13_A	1RTP_1	2JWW_A	
2JWW-13_A	1RTP_2	2JWW_A	
2JWW-13_A	1RTP_3	2JWW_A	
2JWW-13_A	3F45_A	2JWW_A	
2JWW-13_A	1XVJ_A	2JWW_A	
2JWW-13_A	1XVJ_B	2JWW_A	
2JWW-13_A	1RWY_A	2JWW_A	
2JWW-13_A	1RWY_B	2JWW_A	
2JWW-13_A	1RWY_C	2JWW_A	
2KAY-1_A	2KAX-5_A	2KAY_A	
2KAY-2_A	2KAX-5_A	2KAY_A	
2KAY-3_A	2KAX-5_A	2KAY_A	
2KAY-4_A	2KAX-5_A	2KAY_A	
2KAY-5_A	2KAX-5_A	2KAY_A	
2KAY-6_A	2KAX-5_A	2KAY_A	
2KAY-7_A	2KAX-5_A	2KAY_A	
2KAY-8_A	2KAX-5_A	2KAY_A	
2KAY-9_A	2KAX-5_A	2KAY_A	
2KAY-10_A	2KAX-5_A	2KAY_A	
2KAY-11_A	2KAX-5_A	2KAY_A	
2KAY-12_A	2KAX-5_A	2KAY_A	
2KAY-13_A	2KAX-5_A	2KAY_A	
2KAY-14_A	2KAX-5_A	2KAY_A	
2KAY-15_A	2KAX-5_A	2KAY_A	
2KAY-16_A	2KAX-5_A	2KAY_A	
2KAY-17_A	2KAX-5_A	2KAY_A	
2KAY-18_A	2KAX-5_A	2KAY_A	
2KAY-19_A	2KAX-5_A	2KAY_A	
2KAY-20_A	2KAX-5_A	2KAY_A	
2KAY-21_A	2KAX-5_A	2KAY_A	
2KAY-22_A	2KAX-5_A	2KAY_A	
2KAY-23_A	2KAX-5_A	2KAY_A	
2KAY-24_A	2KAX-5_A	2KAY_A	
2KAY-25_A	2KAX-5_A	2KAY_A	
2KAY-1_B	2KAX-5_A	2KAY_A	
2KAY-2_B	2KAX-5_A	2KAY_A	
2KAY-3_B	2KAX-5_A	2KAY_A	
2KAY-4_B	2KAX-5_A	2KAY_A	
2KAY-5_B	2KAX-5_A	2KAY_A	
2KAY-6_B	2KAX-5_A	2KAY_A	
2KAY-7_B	2KAX-5_A	2KAY_A	
2KAY-8_B	2KAX-5_A	2KAY_A	
2KAY-9_B	2KAX-5_A	2KAY_A	
2KAY-10_B	2KAX-5_A	2KAY_A	
2KAY-11_B	2KAX-5_A	2KAY_A	
2KAY-12_B	2KAX-5_A	2KAY_A	
2KAY-13_B	2KAX-5_A	2KAY_A	
2KAY-14_B	2KAX-5_A	2KAY_A	
2KAY-15_B	2KAX-5_A	2KAY_A	
2KAY-16_B	2KAX-5_A	2KAY_A	
2KAY-17_B	2KAX-5_A	2KAY_A	
2KAY-18_B	2KAX-5_A	2KAY_A	
2KAY-19_B	2KAX-5_A	2KAY_A	
2KAY-20_B	2KAX-5_A	2KAY_A	
2KAY-21_B	2KAX-5_A	2KAY_A	
2KAY-22_B	2KAX-5_A	2KAY_A	
2KAY-23_B	2KAX-5_A	2KAY_A	
2KAY-24_B	2KAX-5_A	2KAY_A	
2KAY-25_B	2KAX-5_A	2KAY_A	
6WN7_A	2KAX-5_A	2KAY_A	
6WN7_B	2KAX-5_A	2KAY_A	
6WN7_C	2KAX-5_A	2KAY_A	
6WN7_D	2KAX-5_A	2KAY_A	
6WN7_F	2KAX-5_A	2KAY_A	
6WN7_E	2KAX-5_A	2KAY_A	
2KAX-1_A	2KAX-5_A	2KAY_A	
2KAX-2_A	2KAX-5_A	2KAY_A	
2KAX-3_A	2KAX-5_A	2KAY_A	
2KAX-4_A	2KAX-5_A	2KAY_A	
2KAX-5_A	2KAX-6_A	2KAY_A	
2KAX-5_A	2KAX-7_A	2KAY_A	
2KAX-5_A	2KAX-8_A	2KAY_A	
2KAX-5_A	2KAX-9_A	2KAY_A	
2KAX-5_A	2KAX-10_A	2KAY_A	
2KAX-5_A	2KAX-11_A	2KAY_A	
2KAX-5_A	2KAX-12_A	2KAY_A	
2KAX-5_A	2KAX-13_A	2KAY_A	
2KAX-5_A	2KAX-14_A	2KAY_A	
2KAX-5_A	2KAX-15_A	2KAY_A	
2KAX-5_A	2KAX-16_A	2KAY_A	
2KAX-5_A	2KAX-17_A	2KAY_A	
2KAX-5_A	2KAX-18_A	2KAY_A	
2KAX-5_A	2KAX-19_A	2KAY_A	
2KAX-5_A	2KAX-20_A	2KAY_A	
2KAX-5_A	2KAX-21_A	2KAY_A	
2KAX-5_A	2KAX-22_A	2KAY_A	
2KAX-5_A	2KAX-23_A	2KAY_A	
2KAX-5_A	2KAX-24_A	2KAY_A	
2KAX-5_A	2KAX-25_A	2KAY_A	
2KAX-5_A	2KAX-1_B	2KAY_A	
2KAX-5_A	2KAX-2_B	2KAY_A	
2KAX-5_A	2KAX-3_B	2KAY_A	
2KAX-5_A	2KAX-4_B	2KAY_A	
2KAX-5_A	2KAX-5_B	2KAY_A	
2KAX-5_A	2KAX-6_B	2KAY_A	
2KAX-5_A	2KAX-7_B	2KAY_A	
2KAX-5_A	2KAX-8_B	2KAY_A	
2KAX-5_A	2KAX-9_B	2KAY_A	
2KAX-5_A	2KAX-10_B	2KAY_A	
2KAX-5_A	2KAX-11_B	2KAY_A	
2KAX-5_A	2KAX-12_B	2KAY_A	
2KAX-5_A	2KAX-13_B	2KAY_A	
2KAX-5_A	2KAX-14_B	2KAY_A	
2KAX-5_A	2KAX-15_B	2KAY_A	
2KAX-5_A	2KAX-16_B	2KAY_A	
2KAX-5_A	2KAX-17_B	2KAY_A	
2KAX-5_A	2KAX-18_B	2KAY_A	
2KAX-5_A	2KAX-19_B	2KAY_A	
2KAX-5_A	2KAX-20_B	2KAY_A	
2KAX-5_A	2KAX-21_B	2KAY_A	
2KAX-5_A	2KAX-22_B	2KAY_A	
2KAX-5_A	2KAX-23_B	2KAY_A	
2KAX-5_A	2KAX-24_B	2KAY_A	
2KAX-5_A	2KAX-25_B	2KAY_A	
2KAX-5_A	4DIR_A	2KAY_A	
2KAX-5_A	4DIR_B	2KAY_A	
2L51-1_A	2L50-24_A	2L51_A	
2L51-2_A	2L50-24_A	2L51_A	
2L51-3_A	2L50-24_A	2L51_A	
2L51-4_A	2L50-24_A	2L51_A	
2L51-5_A	2L50-24_A	2L51_A	
2L51-6_A	2L50-24_A	2L51_A	
2L51-7_A	2L50-24_A	2L51_A	
2L51-8_A	2L50-24_A	2L51_A	
2L51-9_A	2L50-24_A	2L51_A	
2L51-10_A	2L50-24_A	2L51_A	
2L51-11_A	2L50-24_A	2L51_A	
2L51-12_A	2L50-24_A	2L51_A	
2L51-13_A	2L50-24_A	2L51_A	
2L51-14_A	2L50-24_A	2L51_A	
2L51-15_A	2L50-24_A	2L51_A	
2L51-16_A	2L50-24_A	2L51_A	
2L51-17_A	2L50-24_A	2L51_A	
2L51-18_A	2L50-24_A	2L51_A	
2L51-19_A	2L50-24_A	2L51_A	
2L51-20_A	2L50-24_A	2L51_A	
2L51-21_A	2L50-24_A	2L51_A	
2L51-22_A	2L50-24_A	2L51_A	
2L51-23_A	2L50-24_A	2L51_A	
2L51-24_A	2L50-24_A	2L51_A	
2L51-25_A	2L50-24_A	2L51_A	
2L51-1_B	2L50-24_A	2L51_A	
2L51-2_B	2L50-24_A	2L51_A	
2L51-3_B	2L50-24_A	2L51_A	
2L51-4_B	2L50-24_A	2L51_A	
2L51-5_B	2L50-24_A	2L51_A	
2L51-6_B	2L50-24_A	2L51_A	
2L51-7_B	2L50-24_A	2L51_A	
2L51-8_B	2L50-24_A	2L51_A	
2L51-9_B	2L50-24_A	2L51_A	
2L51-10_B	2L50-24_A	2L51_A	
2L51-11_B	2L50-24_A	2L51_A	
2L51-12_B	2L50-24_A	2L51_A	
2L51-13_B	2L50-24_A	2L51_A	
2L51-14_B	2L50-24_A	2L51_A	
2L51-15_B	2L50-24_A	2L51_A	
2L51-16_B	2L50-24_A	2L51_A	
2L51-17_B	2L50-24_A	2L51_A	
2L51-18_B	2L50-24_A	2L51_A	
2L51-19_B	2L50-24_A	2L51_A	
2L51-20_B	2L50-24_A	2L51_A	
2L51-21_B	2L50-24_A	2L51_A	
2L51-22_B	2L50-24_A	2L51_A	
2L51-23_B	2L50-24_A	2L51_A	
2L51-24_B	2L50-24_A	2L51_A	
2L51-25_B	2L50-24_A	2L51_A	
2L50-1_A	2L50-24_A	2L51_A	
2L50-2_A	2L50-24_A	2L51_A	
2L50-3_A	2L50-24_A	2L51_A	
2L50-4_A	2L50-24_A	2L51_A	
2L50-5_A	2L50-24_A	2L51_A	
2L50-6_A	2L50-24_A	2L51_A	
2L50-7_A	2L50-24_A	2L51_A	
2L50-8_A	2L50-24_A	2L51_A	
2L50-9_A	2L50-24_A	2L51_A	
2L50-10_A	2L50-24_A	2L51_A	
2L50-11_A	2L50-24_A	2L51_A	
2L50-12_A	2L50-24_A	2L51_A	
2L50-13_A	2L50-24_A	2L51_A	
2L50-14_A	2L50-24_A	2L51_A	
2L50-15_A	2L50-24_A	2L51_A	
2L50-16_A	2L50-24_A	2L51_A	
2L50-17_A	2L50-24_A	2L51_A	
2L50-18_A	2L50-24_A	2L51_A	
2L50-19_A	2L50-24_A	2L51_A	
2L50-20_A	2L50-24_A	2L51_A	
2L50-21_A	2L50-24_A	2L51_A	
2L50-22_A	2L50-24_A	2L51_A	
2L50-23_A	2L50-24_A	2L51_A	
2L50-24_A	2L50-25_A	2L51_A	
2L50-24_A	2L50-1_B	2L51_A	
2L50-24_A	2L50-2_B	2L51_A	
2L50-24_A	2L50-3_B	2L51_A	
2L50-24_A	2L50-4_B	2L51_A	
2L50-24_A	2L50-5_B	2L51_A	
2L50-24_A	2L50-6_B	2L51_A	
2L50-24_A	2L50-7_B	2L51_A	
2L50-24_A	2L50-8_B	2L51_A	
2L50-24_A	2L50-9_B	2L51_A	
2L50-24_A	2L50-10_B	2L51_A	
2L50-24_A	2L50-11_B	2L51_A	
2L50-24_A	2L50-12_B	2L51_A	
2L50-24_A	2L50-13_B	2L51_A	
2L50-24_A	2L50-14_B	2L51_A	
2L50-24_A	2L50-15_B	2L51_A	
2L50-24_A	2L50-16_B	2L51_A	
2L50-24_A	2L50-17_B	2L51_A	
2L50-24_A	2L50-18_B	2L51_A	
2L50-24_A	2L50-19_B	2L51_A	
2L50-24_A	2L50-20_B	2L51_A	
2L50-24_A	2L50-21_B	2L51_A	
2L50-24_A	2L50-22_B	2L51_A	
2L50-24_A	2L50-23_B	2L51_A	
2L50-24_A	2L50-24_B	2L51_A	
2L50-24_A	2L50-25_B	2L51_A	
2L50-24_A	3NXA_A	2L51_A	
2L50-24_A	3NXA_B	2L51_A	
2L50-24_A	3NXA_C	2L51_A	
2L50-24_A	3NXA_D	2L51_A	
2BEM_A	2LHS-6_A	2BEM_A	
2BEM_B	2LHS-6_A	2BEM_A	
2BEM_C	2LHS-6_A	2BEM_A	
2LHS-1_A	2LHS-6_A	2BEM_A	
2LHS-2_A	2LHS-6_A	2BEM_A	
2LHS-3_A	2LHS-6_A	2BEM_A	
2LHS-4_A	2LHS-6_A	2BEM_A	
2LHS-5_A	2LHS-6_A	2BEM_A	
2LHS-6_A	2LHS-7_A	2BEM_A	
2LHS-6_A	2LHS-8_A	2BEM_A	
2LHS-6_A	2LHS-9_A	2BEM_A	
2LHS-6_A	2LHS-10_A	2BEM_A	
2LHS-6_A	2LHS-11_A	2BEM_A	
2LHS-6_A	2LHS-12_A	2BEM_A	
2LHS-6_A	2LHS-13_A	2BEM_A	
2LHS-6_A	2LHS-14_A	2BEM_A	
2LHS-6_A	2LHS-15_A	2BEM_A	
2LHS-6_A	2LHS-16_A	2BEM_A	
2LHS-6_A	2LHS-17_A	2BEM_A	
2LHS-6_A	2LHS-18_A	2BEM_A	
2LHS-6_A	2LHS-19_A	2BEM_A	
2LHS-6_A	2LHS-20_A	2BEM_A	
2LHS-6_A	2BEN_A	2BEM_A	
2LHS-6_A	2BEN_B	2BEM_A	
1RRO_A	2NLN-4_A	1RRO_A	
2NLN-1_A	2NLN-4_A	1RRO_A	
2NLN-2_A	2NLN-4_A	1RRO_A	
2NLN-3_A	2NLN-4_A	1RRO_A	
2NLN-4_A	2NLN-5_A	1RRO_A	
2NLN-4_A	2NLN-6_A	1RRO_A	
2NLN-4_A	2NLN-7_A	1RRO_A	
2NLN-4_A	2NLN-8_A	1RRO_A	
2NLN-4_A	2NLN-9_A	1RRO_A	
2NLN-4_A	2NLN-10_A	1RRO_A	
2NLN-4_A	2NLN-11_A	1RRO_A	
2NLN-4_A	2NLN-12_A	1RRO_A	
2NLN-4_A	2NLN-13_A	1RRO_A	
2NLN-4_A	2NLN-14_A	1RRO_A	
2NLN-4_A	2NLN-15_A	1RRO_A	
2NLN-4_A	2NLN-16_A	1RRO_A	
2NLN-4_A	2NLN-17_A	1RRO_A	
2NLN-4_A	2NLN-18_A	1RRO_A	
2NLN-4_A	2NLN-19_A	1RRO_A	
2NLN-4_A	2NLN-20_A	1RRO_A	
2NLN-4_A	1OMD_A	1RRO_A	
